1,1,13:00,v1
1,1,14:00,v1
1,1,15:00,v1
1,1,16:00,v1
1,2,13:00,v1
1,2,14:00,v1
1,2,15:00,v1
1,2,16:00,v1
1,3,13:00,v1
1,3,14:00,v1
1,3,15:00,v1
1,3,16:00,v1
1,4,13:00,v1
1,4,14:00,v1
1,4,15:00,v1
1,4,16:00,v1
1,5,13:00,v1
1,5,14:00,v1
1,5,15:00,v1
1,5,16:00,v1
1,6,13:00,v1
1,6,14:00,v1
1,6,15:00,v1
1,6,16:00,v1
1,7,13:00,v1
1,7,14:00,v1
1,7,15:00,v1
1,7,16:00,v1
1,8,13:00,v1
1,8,14:00,v1
1,8,15:00,v1
1,8,16:00,v1
1,9,13:00,v1
1,9,14:00,v1
1,9,15:00,v1
1,9,16:00,v1
1,10,13:00,v1
1,10,14:00,v1
1,10,15:00,v1
1,11,13:00,v1
1,11,14:00,v1
1,11,15:00,v1
1,12,13:00,v1
1,12,14:00,v1
1,12,15:00,v1
1,13,13:00,v1
1,13,14:00,v1
1,13,15:00,v1
1,13,16:00,v1
1,14,13:00,v1
1,14,14:00,v1
1,14,15:00,v1
1,14,16:00,v1
1,15,13:00,v1
1,15,14:00,v1
1,15,15:00,v1
1,15,16:00,v1
1,16,13:00,v1
1,16,14:00,v1
1,16,15:00,v1
1,16,16:00,v1
1,17,13:00,v1
1,17,14:00,v1
1,17,15:00,v1
1,17,16:00,v1
1,18,13:00,v1
1,18,14:00,v1
1,18,15:00,v1
1,18,16:00,v1
1,19,13:00,v1
1,19,14:00,v1
1,19,15:00,v1
1,19,16:00,v1
1,20,13:00,v1
1,20,14:00,v1
1,20,15:00,v1
1,20,16:00,v1
1,21,13:00,v1
1,21,14:00,v1
1,21,15:00,v1
1,21,16:00,v1
1,22,13:00,v1
1,22,14:00,v1
1,22,15:00,v1
1,22,16:00,v1
1,23,13:00,v1
1,23,14:00,v1
1,23,15:00,v1
1,23,16:00,v1
1,24,13:00,v1
1,24,14:00,v1
1,24,15:00,v1
1,24,16:00,v1
1,24,17:00,v1
1,25,13:00,v1
1,25,14:00,v1
1,25,15:00,v1
1,25,16:00,v1
1,25,17:00,v1
1,26,13:00,v1
1,26,14:00,v1
1,26,15:00,v1
1,26,16:00,v1
1,26,17:00,v1
1,27,13:00,v1
1,27,14:00,v1
1,27,15:00,v1
1,27,16:00,v1
1,27,17:00,v1
1,28,13:00,v1
1,28,14:00,v1
1,28,15:00,v1
1,28,16:00,v1
1,28,17:00,v1
1,29,13:00,v1
1,29,14:00,v1
1,29,15:00,v1
1,29,16:00,v1
1,29,17:00,v1
1,30,13:00,v1
1,30,14:00,v1
1,30,15:00,v1
1,30,16:00,v1
1,30,17:00,v1
1,31,13:00,v1
1,31,14:00,v1
1,31,15:00,v1
1,31,16:00,v1
1,31,17:00,v1
2,1,13:00,v1
2,1,14:00,v1
2,1,15:00,v1
2,1,16:00,v1
2,1,17:00,v1
2,2,13:00,v1
2,2,14:00,v1
2,2,15:00,v1
2,2,16:00,v1
2,2,17:00,v1
2,3,13:00,v1
2,3,14:00,v1
2,3,15:00,v1
2,3,16:00,v1
2,3,17:00,v1
2,4,13:00,v1
2,4,14:00,v1
2,4,15:00,v1
2,4,16:00,v1
2,4,17:00,v1
2,5,13:00,v1
2,5,14:00,v1
2,5,15:00,v1
2,5,16:00,v1
2,5,17:00,v1
2,6,13:00,v1
2,6,14:00,v1
2,6,15:00,v1
2,6,16:00,v1
2,6,17:00,v1
2,7,13:00,v1
2,7,14:00,v1
2,7,15:00,v1
2,7,16:00,v1
2,7,17:00,v1
2,8,13:00,v1
2,8,14:00,v1
2,8,15:00,v1
2,8,16:00,v1
2,8,17:00,v1
2,9,13:00,v1
2,9,14:00,v1
2,9,15:00,v1
2,9,16:00,v1
2,9,17:00,v1
2,10,13:00,v1
2,10,14:00,v1
2,10,15:00,v1
2,10,16:00,v1
2,10,17:00,v1
2,11,13:00,v1
2,11,14:00,v1
2,11,15:00,v1
2,11,16:00,v1
2,12,13:00,v1
2,12,14:00,v1
2,12,15:00,v1
2,12,16:00,v1
2,13,13:00,v1
2,13,14:00,v1
2,13,15:00,v1
2,13,16:00,v1
2,14,13:00,v1
2,14,14:00,v1
2,14,15:00,v1
2,14,16:00,v1
2,15,13:00,v1
2,15,14:00,v1
2,15,15:00,v1
2,15,16:00,v1
2,16,13:00,v1
2,16,14:00,v1
2,16,15:00,v1
2,16,16:00,v1
2,17,13:00,v1
2,17,14:00,v1
2,17,15:00,v1
2,17,16:00,v1
2,18,13:00,v1
2,18,14:00,v1
2,18,15:00,v1
2,18,16:00,v1
2,19,13:00,v1
2,19,14:00,v1
2,19,15:00,v1
2,19,16:00,v1
2,20,13:00,v1
2,20,14:00,v1
2,20,15:00,v1
2,20,16:00,v1
2,21,13:00,v1
2,21,14:00,v1
2,21,15:00,v1
2,21,16:00,v1
2,22,13:00,v1
2,22,14:00,v1
2,22,15:00,v1
2,22,16:00,v1
2,23,13:00,v1
2,23,14:00,v1
2,23,15:00,v1
2,23,16:00,v1
2,24,13:00,v1
2,24,14:00,v1
2,24,15:00,v1
2,24,16:00,v1
2,25,13:00,v1
2,25,14:00,v1
2,25,15:00,v1
2,25,16:00,v1
2,26,13:00,v1
2,26,14:00,v1
2,26,15:00,v1
2,26,16:00,v1
2,27,13:00,v1
2,27,14:00,v1
2,27,15:00,v1
2,27,16:00,v1
2,28,13:00,v1
2,28,14:00,v1
2,28,15:00,v1
2,28,16:00,v1
3,1,13:00,v1
3,1,14:00,v1
3,1,15:00,v1
3,1,16:00,v1
3,2,13:00,v1
3,2,14:00,v1
3,2,15:00,v1
3,2,16:00,v1
3,3,13:00,v1
3,3,14:00,v1
3,3,15:00,v1
3,3,16:00,v1
3,4,13:00,v1
3,4,14:00,v1
3,4,15:00,v1
3,4,16:00,v1
3,5,13:00,v1
3,5,14:00,v1
3,5,15:00,v1
3,5,16:00,v1
3,5,17:00,v1
3,6,13:00,v1
3,6,14:00,v1
3,6,15:00,v1
3,6,16:00,v1
3,6,17:00,v1
3,7,13:00,v1
3,7,14:00,v1
3,7,15:00,v1
3,7,16:00,v1
3,7,17:00,v1
3,8,13:00,v1
3,8,14:00,v1
3,8,15:00,v1
3,8,16:00,v1
3,8,17:00,v1
3,9,13:00,v1
3,9,14:00,v1
3,9,15:00,v1
3,9,16:00,v1
3,9,17:00,v1
3,10,13:00,v1
3,10,14:00,v1
3,10,15:00,v1
3,10,16:00,v1
3,10,17:00,v1
3,11,13:00,v1
3,11,14:00,v1
3,11,15:00,v1
3,11,16:00,v1
3,12,13:00,v1
3,12,14:00,v1
3,12,16:00,v1
3,13,13:00,v1
3,13,14:00,v1
3,13,16:00,v1
3,14,13:00,v1
3,14,14:00,v1
3,14,16:00,v1
3,15,13:00,v1
3,15,14:00,v1
3,15,16:00,v1
3,16,13:00,v1
3,16,14:00,v1
3,16,16:00,v1
3,17,13:00,v1
3,17,14:00,v1
3,17,16:00,v1
3,18,13:00,v1
3,18,14:00,v1
3,18,16:00,v1
3,19,13:00,v1
3,19,14:00,v1
3,19,16:00,v1
3,20,13:00,v1
3,20,14:00,v1
3,20,16:00,v1
3,21,13:00,v1
3,21,14:00,v1
3,21,16:00,v1
3,22,13:00,v1
3,22,14:00,v1
3,22,16:00,v1
3,23,13:00,v1
3,23,14:00,v1
3,23,16:00,v1
3,24,13:00,v1
3,24,14:00,v1
3,24,16:00,v1
3,25,13:00,v1
3,25,14:00,v1
3,25,16:00,v1
3,26,13:00,v1
3,26,14:00,v1
3,26,16:00,v1
3,27,13:00,v1
3,27,14:00,v1
3,27,16:00,v1
3,28,13:00,v1
3,28,14:00,v1
3,28,16:00,v1
3,29,13:00,v1
3,29,14:00,v1
3,30,13:00,v1
9,12,13:00,v1
9,13,13:00,v1
9,13,14:00,v1
9,14,13:00,v1
9,14,14:00,v1
9,14,15:00,v1
9,15,13:00,v1
9,15,14:00,v1
9,15,15:00,v1
9,16,13:00,v1
9,16,14:00,v1
9,16,15:00,v1
9,17,13:00,v1
9,17,14:00,v1
9,17,15:00,v1
9,18,13:00,v1
9,18,14:00,v1
9,18,15:00,v1
9,19,13:00,v1
9,19,14:00,v1
9,19,15:00,v1
9,20,13:00,v1
9,20,14:00,v1
9,20,15:00,v1
9,21,13:00,v1
9,21,14:00,v1
9,21,15:00,v1
9,22,13:00,v1
9,22,14:00,v1
9,22,15:00,v1
9,23,13:00,v1
9,23,14:00,v1
9,23,15:00,v1
9,24,13:00,v1
9,24,14:00,v1
9,24,15:00,v1
9,25,13:00,v1
9,25,14:00,v1
9,25,15:00,v1
9,26,13:00,v1
9,26,14:00,v1
9,26,15:00,v1
9,26,16:00,v1
9,27,13:00,v1
9,27,14:00,v1
9,27,15:00,v1
9,27,16:00,v1
9,28,13:00,v1
9,28,14:00,v1
9,28,15:00,v1
9,28,16:00,v1
9,29,13:00,v1
9,29,14:00,v1
9,29,15:00,v1
9,29,16:00,v1
9,30,13:00,v1
9,30,14:00,v1
9,30,15:00,v1
9,30,16:00,v1
10,1,13:00,v1
10,1,14:00,v1
10,1,15:00,v1
10,1,16:00,v1
10,2,13:00,v1
10,2,14:00,v1
10,2,16:00,v1
10,3,13:00,v1
10,3,14:00,v1
10,3,16:00,v1
10,4,13:00,v1
10,4,14:00,v1
10,4,16:00,v1
10,5,13:00,v1
10,5,14:00,v1
10,5,16:00,v1
10,6,13:00,v1
10,6,14:00,v1
10,6,16:00,v1
10,7,13:00,v1
10,7,14:00,v1
10,7,16:00,v1
10,8,13:00,v1
10,8,14:00,v1
10,8,16:00,v1
10,9,13:00,v1
10,9,14:00,v1
10,9,16:00,v1
10,10,13:00,v1
10,10,14:00,v1
10,10,16:00,v1
10,11,13:00,v1
10,11,14:00,v1
10,11,16:00,v1
10,12,13:00,v1
10,12,14:00,v1
10,12,16:00,v1
10,13,13:00,v1
10,13,14:00,v1
10,13,16:00,v1
10,14,13:00,v1
10,14,14:00,v1
10,14,16:00,v1
10,15,13:00,v1
10,15,14:00,v1
10,15,16:00,v1
10,16,13:00,v1
10,16,14:00,v1
10,16,16:00,v1
10,17,13:00,v1
10,17,14:00,v1
10,17,16:00,v1
10,18,13:00,v1
10,18,14:00,v1
10,18,16:00,v1
10,19,13:00,v1
10,19,14:00,v1
10,19,16:00,v1
10,20,13:00,v1
10,20,14:00,v1
10,20,16:00,v1
10,21,13:00,v1
10,21,14:00,v1
10,21,16:00,v1
10,22,13:00,v1
10,22,14:00,v1
10,22,16:00,v1
10,23,13:00,v1
10,23,14:00,v1
10,23,16:00,v1
10,23,17:00,v1
10,24,13:00,v1
10,24,14:00,v1
10,24,16:00,v1
10,24,17:00,v1
10,25,13:00,v1
10,25,14:00,v1
10,25,16:00,v1
10,25,17:00,v1
10,26,13:00,v1
10,26,14:00,v1
10,26,16:00,v1
10,26,17:00,v1
10,27,13:00,v1
10,27,14:00,v1
10,27,16:00,v1
10,27,17:00,v1
10,28,13:00,v1
10,28,14:00,v1
10,28,16:00,v1
10,28,17:00,v1
10,29,13:00,v1
10,29,14:00,v1
10,29,16:00,v1
10,29,17:00,v1
10,30,13:00,v1
10,30,14:00,v1
10,30,16:00,v1
10,30,17:00,v1
10,31,13:00,v1
10,31,14:00,v1
10,31,16:00,v1
11,1,13:00,v1
11,1,14:00,v1
11,1,16:00,v1
11,2,13:00,v1
11,2,14:00,v1
11,2,16:00,v1
11,3,13:00,v1
11,3,14:00,v1
11,3,16:00,v1
11,4,13:00,v1
11,4,14:00,v1
11,4,16:00,v1
11,5,13:00,v1
11,5,14:00,v1
11,5,16:00,v1
11,6,13:00,v1
11,6,14:00,v1
11,6,15:00,v1
11,6,16:00,v1
11,7,13:00,v1
11,7,14:00,v1
11,7,15:00,v1
11,7,16:00,v1
11,8,13:00,v1
11,8,14:00,v1
11,8,15:00,v1
11,8,16:00,v1
11,9,13:00,v1
11,9,14:00,v1
11,9,15:00,v1
11,9,16:00,v1
11,10,13:00,v1
11,10,14:00,v1
11,10,15:00,v1
11,10,16:00,v1
11,11,13:00,v1
11,11,14:00,v1
11,11,15:00,v1
11,11,16:00,v1
11,12,13:00,v1
11,12,14:00,v1
11,12,15:00,v1
11,12,16:00,v1
11,13,13:00,v1
11,13,14:00,v1
11,13,15:00,v1
11,13,16:00,v1
11,14,13:00,v1
11,14,14:00,v1
11,14,15:00,v1
11,14,16:00,v1
11,15,13:00,v1
11,15,14:00,v1
11,15,15:00,v1
11,15,16:00,v1
11,16,13:00,v1
11,16,14:00,v1
11,16,15:00,v1
11,16,16:00,v1
11,17,13:00,v1
11,17,14:00,v1
11,17,15:00,v1
11,17,16:00,v1
11,18,13:00,v1
11,18,14:00,v1
11,18,15:00,v1
11,18,16:00,v1
11,19,13:00,v1
11,19,14:00,v1
11,19,15:00,v1
11,19,16:00,v1
11,20,13:00,v1
11,20,14:00,v1
11,20,15:00,v1
11,20,16:00,v1
11,21,13:00,v1
11,21,14:00,v1
11,21,15:00,v1
11,21,16:00,v1
11,22,13:00,v1
11,22,14:00,v1
11,22,15:00,v1
11,22,16:00,v1
11,23,13:00,v1
11,23,14:00,v1
11,23,15:00,v1
11,23,16:00,v1
11,24,13:00,v1
11,24,14:00,v1
11,24,15:00,v1
11,24,16:00,v1
11,25,13:00,v1
11,25,14:00,v1
11,25,15:00,v1
11,25,16:00,v1
11,26,13:00,v1
11,26,14:00,v1
11,26,15:00,v1
11,26,16:00,v1
11,27,13:00,v1
11,27,14:00,v1
11,27,15:00,v1
11,27,16:00,v1
11,28,13:00,v1
11,28,14:00,v1
11,28,15:00,v1
11,28,16:00,v1
11,29,13:00,v1
11,29,14:00,v1
11,29,15:00,v1
11,29,16:00,v1
11,30,13:00,v1
11,30,14:00,v1
11,30,15:00,v1
11,30,16:00,v1
12,1,13:00,v1
12,1,14:00,v1
12,1,15:00,v1
12,1,16:00,v1
12,2,13:00,v1
12,2,14:00,v1
12,2,15:00,v1
12,2,16:00,v1
12,3,13:00,v1
12,3,14:00,v1
12,3,15:00,v1
12,3,16:00,v1
12,4,13:00,v1
12,4,14:00,v1
12,4,15:00,v1
12,4,16:00,v1
12,5,13:00,v1
12,5,14:00,v1
12,5,15:00,v1
12,5,16:00,v1
12,6,13:00,v1
12,6,14:00,v1
12,6,15:00,v1
12,6,16:00,v1
12,7,13:00,v1
12,7,14:00,v1
12,7,15:00,v1
12,7,16:00,v1
12,8,13:00,v1
12,8,14:00,v1
12,8,15:00,v1
12,8,16:00,v1
12,9,13:00,v1
12,9,14:00,v1
12,9,15:00,v1
12,9,16:00,v1
12,10,13:00,v1
12,10,14:00,v1
12,10,15:00,v1
12,10,16:00,v1
12,11,13:00,v1
12,11,14:00,v1
12,11,15:00,v1
12,11,16:00,v1
12,12,13:00,v1
12,12,14:00,v1
12,12,15:00,v1
12,12,16:00,v1
12,13,13:00,v1
12,13,14:00,v1
12,13,15:00,v1
12,13,16:00,v1
12,14,13:00,v1
12,14,14:00,v1
12,14,15:00,v1
12,14,16:00,v1
12,15,13:00,v1
12,15,14:00,v1
12,15,15:00,v1
12,15,16:00,v1
12,16,13:00,v1
12,16,14:00,v1
12,16,15:00,v1
12,16,16:00,v1
12,17,13:00,v1
12,17,14:00,v1
12,17,15:00,v1
12,17,16:00,v1
12,18,13:00,v1
12,18,14:00,v1
12,18,15:00,v1
12,18,16:00,v1
12,19,13:00,v1
12,19,14:00,v1
12,19,15:00,v1
12,19,16:00,v1
12,20,13:00,v1
12,20,14:00,v1
12,20,15:00,v1
12,20,16:00,v1
12,21,13:00,v1
12,21,14:00,v1
12,21,15:00,v1
12,21,16:00,v1
12,22,13:00,v1
12,22,14:00,v1
12,22,15:00,v1
12,22,16:00,v1
12,23,13:00,v1
12,23,14:00,v1
12,23,15:00,v1
12,23,16:00,v1
12,24,13:00,v1
12,24,14:00,v1
12,24,15:00,v1
12,24,16:00,v1
12,25,13:00,v1
12,25,14:00,v1
12,25,15:00,v1
12,25,16:00,v1
12,26,13:00,v1
12,26,14:00,v1
12,26,15:00,v1
12,26,16:00,v1
12,27,13:00,v1
12,27,14:00,v1
12,27,15:00,v1
12,27,16:00,v1
12,28,13:00,v1
12,28,14:00,v1
12,28,15:00,v1
12,28,16:00,v1
12,29,13:00,v1
12,29,14:00,v1
12,29,15:00,v1
12,29,16:00,v1
12,30,13:00,v1
12,30,14:00,v1
12,30,15:00,v1
12,30,16:00,v1
12,31,13:00,v1
12,31,14:00,v1
12,31,15:00,v1
12,31,16:00,v1
1,1,13:00,v2
1,1,14:00,v2
1,1,15:00,v2
1,2,13:00,v2
1,2,14:00,v2
1,2,15:00,v2
1,3,13:00,v2
1,3,14:00,v2
1,3,15:00,v2
1,4,13:00,v2
1,4,14:00,v2
1,4,15:00,v2
1,5,13:00,v2
1,5,14:00,v2
1,5,15:00,v2
1,6,13:00,v2
1,6,14:00,v2
1,6,15:00,v2
1,7,13:00,v2
1,7,14:00,v2
1,7,15:00,v2
1,8,13:00,v2
1,8,14:00,v2
1,8,15:00,v2
1,9,13:00,v2
1,9,14:00,v2
1,9,15:00,v2
1,10,13:00,v2
1,10,14:00,v2
1,10,15:00,v2
1,11,13:00,v2
1,11,14:00,v2
1,11,15:00,v2
1,12,13:00,v2
1,12,14:00,v2
1,12,15:00,v2
1,13,13:00,v2
1,13,14:00,v2
1,13,15:00,v2
1,14,13:00,v2
1,14,14:00,v2
1,14,15:00,v2
1,15,13:00,v2
1,15,14:00,v2
1,15,15:00,v2
1,16,13:00,v2
1,16,14:00,v2
1,16,15:00,v2
1,17,13:00,v2
1,17,14:00,v2
1,17,15:00,v2
1,18,13:00,v2
1,18,14:00,v2
1,18,15:00,v2
1,19,13:00,v2
1,19,14:00,v2
1,19,15:00,v2
1,20,13:00,v2
1,20,14:00,v2
1,20,15:00,v2
1,21,13:00,v2
1,21,14:00,v2
1,21,15:00,v2
1,22,13:00,v2
1,22,14:00,v2
1,22,15:00,v2
1,23,13:00,v2
1,23,14:00,v2
1,23,15:00,v2
1,24,13:00,v2
1,24,14:00,v2
1,24,15:00,v2
1,25,13:00,v2
1,25,14:00,v2
1,25,15:00,v2
1,26,13:00,v2
1,26,14:00,v2
1,26,15:00,v2
1,27,13:00,v2
1,27,14:00,v2
1,27,15:00,v2
1,28,13:00,v2
1,28,14:00,v2
1,28,15:00,v2
1,29,13:00,v2
1,29,14:00,v2
1,29,15:00,v2
1,30,13:00,v2
1,30,14:00,v2
1,30,15:00,v2
1,31,13:00,v2
1,31,14:00,v2
1,31,15:00,v2
2,1,13:00,v2
2,1,14:00,v2
2,1,15:00,v2
2,2,13:00,v2
2,2,14:00,v2
2,2,15:00,v2
2,3,13:00,v2
2,3,14:00,v2
2,3,15:00,v2
2,4,13:00,v2
2,4,14:00,v2
2,4,15:00,v2
2,5,13:00,v2
2,5,14:00,v2
2,5,15:00,v2
2,6,13:00,v2
2,6,14:00,v2
2,6,15:00,v2
2,7,13:00,v2
2,7,14:00,v2
2,7,15:00,v2
2,8,13:00,v2
2,8,14:00,v2
2,8,15:00,v2
2,9,13:00,v2
2,9,14:00,v2
2,9,15:00,v2
2,10,13:00,v2
2,10,14:00,v2
2,10,15:00,v2
2,11,13:00,v2
2,11,14:00,v2
2,11,15:00,v2
2,12,13:00,v2
2,12,14:00,v2
2,12,15:00,v2
2,13,13:00,v2
2,13,14:00,v2
2,13,15:00,v2
2,14,13:00,v2
2,14,14:00,v2
2,14,15:00,v2
2,15,13:00,v2
2,15,14:00,v2
2,15,15:00,v2
2,16,13:00,v2
2,16,14:00,v2
2,16,15:00,v2
2,17,13:00,v2
2,17,14:00,v2
2,17,15:00,v2
2,18,13:00,v2
2,18,14:00,v2
2,18,15:00,v2
2,19,13:00,v2
2,19,14:00,v2
2,19,15:00,v2
2,20,13:00,v2
2,20,14:00,v2
2,20,15:00,v2
2,20,16:00,v2
2,21,13:00,v2
2,21,14:00,v2
2,21,15:00,v2
2,21,16:00,v2
2,22,13:00,v2
2,22,14:00,v2
2,22,15:00,v2
2,22,16:00,v2
2,23,14:00,v2
2,23,15:00,v2
2,23,16:00,v2
2,24,14:00,v2
2,24,15:00,v2
2,24,16:00,v2
2,25,15:00,v2
2,26,15:00,v2
2,27,15:00,v2
10,12,15:00,v2
10,13,15:00,v2
10,14,15:00,v2
10,15,15:00,v2
10,16,14:00,v2
10,16,15:00,v2
10,17,14:00,v2
10,17,15:00,v2
10,18,14:00,v2
10,18,15:00,v2
10,19,13:00,v2
10,19,14:00,v2
10,19,15:00,v2
10,20,13:00,v2
10,20,14:00,v2
10,20,15:00,v2
10,21,13:00,v2
10,21,14:00,v2
10,21,15:00,v2
10,22,13:00,v2
10,22,14:00,v2
10,22,15:00,v2
10,23,13:00,v2
10,23,14:00,v2
10,23,15:00,v2
10,24,13:00,v2
10,24,14:00,v2
10,24,15:00,v2
10,25,13:00,v2
10,25,14:00,v2
10,25,15:00,v2
10,26,13:00,v2
10,26,14:00,v2
10,26,15:00,v2
10,27,13:00,v2
10,27,14:00,v2
10,27,15:00,v2
10,28,13:00,v2
10,28,14:00,v2
10,28,15:00,v2
10,29,13:00,v2
10,29,14:00,v2
10,29,15:00,v2
10,30,13:00,v2
10,30,14:00,v2
10,30,15:00,v2
10,31,13:00,v2
10,31,14:00,v2
10,31,15:00,v2
11,1,13:00,v2
11,1,14:00,v2
11,1,15:00,v2
11,2,13:00,v2
11,2,14:00,v2
11,2,15:00,v2
11,3,13:00,v2
11,3,14:00,v2
11,3,15:00,v2
11,4,13:00,v2
11,4,14:00,v2
11,4,15:00,v2
11,5,13:00,v2
11,5,14:00,v2
11,5,15:00,v2
11,6,13:00,v2
11,6,14:00,v2
11,6,15:00,v2
11,7,13:00,v2
11,7,14:00,v2
11,7,15:00,v2
11,8,13:00,v2
11,8,14:00,v2
11,8,15:00,v2
11,9,13:00,v2
11,9,14:00,v2
11,9,15:00,v2
11,10,13:00,v2
11,10,14:00,v2
11,10,15:00,v2
11,11,13:00,v2
11,11,14:00,v2
11,11,15:00,v2
11,12,13:00,v2
11,12,14:00,v2
11,12,15:00,v2
11,13,13:00,v2
11,13,14:00,v2
11,13,15:00,v2
11,14,13:00,v2
11,14,14:00,v2
11,14,15:00,v2
11,15,13:00,v2
11,15,14:00,v2
11,15,15:00,v2
11,16,13:00,v2
11,16,14:00,v2
11,16,15:00,v2
11,17,13:00,v2
11,17,14:00,v2
11,17,15:00,v2
11,18,13:00,v2
11,18,14:00,v2
11,18,15:00,v2
11,19,13:00,v2
11,19,14:00,v2
11,19,15:00,v2
11,20,13:00,v2
11,20,14:00,v2
11,20,15:00,v2
11,20,16:00,v2
11,21,13:00,v2
11,21,14:00,v2
11,21,15:00,v2
11,21,16:00,v2
11,22,13:00,v2
11,22,14:00,v2
11,22,15:00,v2
11,22,16:00,v2
11,23,13:00,v2
11,23,15:00,v2
11,23,16:00,v2
11,24,13:00,v2
11,24,15:00,v2
11,24,16:00,v2
11,25,13:00,v2
11,25,15:00,v2
11,25,16:00,v2
11,26,13:00,v2
11,26,15:00,v2
11,26,16:00,v2
11,27,13:00,v2
11,27,15:00,v2
11,28,13:00,v2
11,28,15:00,v2
11,29,13:00,v2
11,29,15:00,v2
11,30,13:00,v2
11,30,15:00,v2
12,1,13:00,v2
12,1,15:00,v2
12,2,13:00,v2
12,2,15:00,v2
12,3,13:00,v2
12,3,15:00,v2
12,4,13:00,v2
12,4,15:00,v2
12,5,13:00,v2
12,5,15:00,v2
12,6,13:00,v2
12,6,15:00,v2
12,7,13:00,v2
12,7,15:00,v2
12,8,13:00,v2
12,8,15:00,v2
12,9,13:00,v2
12,9,14:00,v2
12,9,15:00,v2
12,10,13:00,v2
12,10,14:00,v2
12,10,15:00,v2
12,11,13:00,v2
12,11,14:00,v2
12,11,15:00,v2
12,12,13:00,v2
12,12,14:00,v2
12,12,15:00,v2
12,13,13:00,v2
12,13,14:00,v2
12,13,15:00,v2
12,14,13:00,v2
12,14,14:00,v2
12,14,15:00,v2
12,15,13:00,v2
12,15,14:00,v2
12,15,15:00,v2
12,16,13:00,v2
12,16,14:00,v2
12,16,15:00,v2
12,17,13:00,v2
12,17,14:00,v2
12,17,15:00,v2
12,18,13:00,v2
12,18,14:00,v2
12,18,15:00,v2
12,19,13:00,v2
12,19,14:00,v2
12,19,15:00,v2
12,20,13:00,v2
12,20,14:00,v2
12,20,15:00,v2
12,21,13:00,v2
12,21,14:00,v2
12,21,15:00,v2
12,22,13:00,v2
12,22,14:00,v2
12,22,15:00,v2
12,23,13:00,v2
12,23,14:00,v2
12,23,15:00,v2
12,24,13:00,v2
12,24,14:00,v2
12,24,15:00,v2
12,25,13:00,v2
12,25,14:00,v2
12,25,15:00,v2
12,26,13:00,v2
12,26,14:00,v2
12,26,15:00,v2
12,27,13:00,v2
12,27,14:00,v2
12,27,15:00,v2
12,28,13:00,v2
12,28,14:00,v2
12,28,15:00,v2
12,29,13:00,v2
12,29,14:00,v2
12,29,15:00,v2
12,30,13:00,v2
12,30,14:00,v2
12,30,15:00,v2
12,31,13:00,v2
12,31,14:00,v2
12,31,15:00,v2
1,1,10:00,v3
1,1,11:00,v3
1,1,12:00,v3
1,2,10:00,v3
1,2,11:00,v3
1,2,12:00,v3
1,3,10:00,v3
1,3,11:00,v3
1,3,12:00,v3
1,4,10:00,v3
1,4,11:00,v3
1,4,12:00,v3
1,5,10:00,v3
1,5,11:00,v3
1,5,12:00,v3
1,6,10:00,v3
1,6,11:00,v3
1,6,12:00,v3
1,7,10:00,v3
1,7,11:00,v3
1,7,12:00,v3
1,8,10:00,v3
1,8,11:00,v3
1,8,12:00,v3
1,9,10:00,v3
1,9,11:00,v3
1,9,12:00,v3
1,10,10:00,v3
1,10,11:00,v3
1,10,12:00,v3
1,11,10:00,v3
1,11,11:00,v3
1,11,12:00,v3
1,12,10:00,v3
1,12,11:00,v3
1,12,12:00,v3
1,13,10:00,v3
1,13,11:00,v3
1,13,12:00,v3
1,14,10:00,v3
1,14,11:00,v3
1,14,12:00,v3
1,15,10:00,v3
1,15,11:00,v3
1,15,12:00,v3
1,16,10:00,v3
1,16,11:00,v3
1,16,12:00,v3
1,17,10:00,v3
1,17,12:00,v3
1,18,10:00,v3
1,18,12:00,v3
1,19,10:00,v3
1,19,12:00,v3
1,20,10:00,v3
1,20,12:00,v3
1,21,10:00,v3
1,21,12:00,v3
1,22,10:00,v3
1,22,12:00,v3
1,23,10:00,v3
1,23,12:00,v3
1,24,10:00,v3
1,24,12:00,v3
1,25,10:00,v3
1,25,12:00,v3
1,26,10:00,v3
1,26,12:00,v3
1,27,9:00,v3
1,27,10:00,v3
1,27,12:00,v3
1,28,9:00,v3
1,28,10:00,v3
1,28,12:00,v3
1,29,9:00,v3
1,29,10:00,v3
1,29,12:00,v3
1,30,9:00,v3
1,30,10:00,v3
1,30,12:00,v3
1,31,9:00,v3
1,31,10:00,v3
1,31,12:00,v3
2,1,9:00,v3
2,1,10:00,v3
2,1,12:00,v3
2,2,10:00,v3
2,2,12:00,v3
2,3,10:00,v3
2,3,11:00,v3
2,3,12:00,v3
2,4,10:00,v3
2,4,11:00,v3
2,4,12:00,v3
2,5,10:00,v3
2,5,11:00,v3
2,5,12:00,v3
2,6,10:00,v3
2,6,11:00,v3
2,6,12:00,v3
2,7,10:00,v3
2,7,11:00,v3
2,7,12:00,v3
2,8,10:00,v3
2,8,11:00,v3
2,8,12:00,v3
2,9,10:00,v3
2,9,11:00,v3
2,9,12:00,v3
2,10,10:00,v3
2,10,11:00,v3
2,10,12:00,v3
2,11,10:00,v3
2,11,11:00,v3
2,11,12:00,v3
2,12,10:00,v3
2,12,11:00,v3
2,12,12:00,v3
2,13,10:00,v3
2,13,11:00,v3
2,13,12:00,v3
2,14,10:00,v3
2,14,11:00,v3
2,14,12:00,v3
2,15,10:00,v3
2,15,11:00,v3
2,15,12:00,v3
2,16,10:00,v3
2,16,11:00,v3
2,16,12:00,v3
2,17,10:00,v3
2,17,11:00,v3
2,17,12:00,v3
2,18,10:00,v3
2,18,11:00,v3
2,18,12:00,v3
2,19,10:00,v3
2,19,11:00,v3
2,19,12:00,v3
2,20,10:00,v3
2,20,11:00,v3
2,20,12:00,v3
2,21,10:00,v3
2,21,11:00,v3
2,21,12:00,v3
2,22,10:00,v3
2,22,11:00,v3
2,22,12:00,v3
2,23,10:00,v3
2,23,11:00,v3
2,24,10:00,v3
2,24,11:00,v3
2,25,10:00,v3
2,26,10:00,v3
2,27,10:00,v3
2,28,10:00,v3
10,10,9:00,v3
10,11,9:00,v3
10,12,9:00,v3
10,13,9:00,v3
10,15,10:00,v3
10,16,10:00,v3
10,17,10:00,v3
10,18,10:00,v3
10,18,11:00,v3
10,19,10:00,v3
10,19,11:00,v3
10,19,12:00,v3
10,20,10:00,v3
10,20,11:00,v3
10,20,12:00,v3
10,21,10:00,v3
10,21,11:00,v3
10,21,12:00,v3
10,22,10:00,v3
10,22,11:00,v3
10,22,12:00,v3
10,23,10:00,v3
10,23,11:00,v3
10,23,12:00,v3
10,24,10:00,v3
10,24,11:00,v3
10,24,12:00,v3
10,25,10:00,v3
10,25,11:00,v3
10,25,12:00,v3
10,26,10:00,v3
10,26,11:00,v3
10,26,12:00,v3
10,27,10:00,v3
10,27,11:00,v3
10,27,12:00,v3
10,28,10:00,v3
10,28,11:00,v3
10,28,12:00,v3
10,29,10:00,v3
10,29,11:00,v3
10,29,12:00,v3
10,30,10:00,v3
10,30,11:00,v3
10,30,12:00,v3
10,31,10:00,v3
10,31,11:00,v3
10,31,12:00,v3
11,1,10:00,v3
11,1,11:00,v3
11,1,12:00,v3
11,2,10:00,v3
11,2,11:00,v3
11,2,12:00,v3
11,3,10:00,v3
11,3,11:00,v3
11,3,12:00,v3
11,4,10:00,v3
11,4,11:00,v3
11,4,12:00,v3
11,5,10:00,v3
11,5,11:00,v3
11,5,12:00,v3
11,6,10:00,v3
11,6,11:00,v3
11,6,12:00,v3
11,7,9:00,v3
11,7,10:00,v3
11,7,11:00,v3
11,7,12:00,v3
11,8,9:00,v3
11,8,10:00,v3
11,8,11:00,v3
11,8,12:00,v3
11,9,9:00,v3
11,9,10:00,v3
11,9,11:00,v3
11,9,12:00,v3
11,10,9:00,v3
11,10,10:00,v3
11,10,11:00,v3
11,10,12:00,v3
11,11,9:00,v3
11,11,10:00,v3
11,11,11:00,v3
11,11,12:00,v3
11,12,9:00,v3
11,12,10:00,v3
11,12,11:00,v3
11,12,12:00,v3
11,13,9:00,v3
11,13,10:00,v3
11,13,11:00,v3
11,13,12:00,v3
11,14,9:00,v3
11,14,10:00,v3
11,14,11:00,v3
11,14,12:00,v3
11,15,9:00,v3
11,15,10:00,v3
11,15,11:00,v3
11,15,12:00,v3
11,16,9:00,v3
11,16,10:00,v3
11,16,11:00,v3
11,16,12:00,v3
11,17,9:00,v3
11,17,10:00,v3
11,17,11:00,v3
11,17,12:00,v3
11,18,9:00,v3
11,18,10:00,v3
11,18,11:00,v3
11,18,12:00,v3
11,19,9:00,v3
11,19,10:00,v3
11,19,11:00,v3
11,19,12:00,v3
11,20,9:00,v3
11,20,10:00,v3
11,20,11:00,v3
11,20,12:00,v3
11,21,9:00,v3
11,21,10:00,v3
11,21,11:00,v3
11,21,12:00,v3
11,22,9:00,v3
11,22,10:00,v3
11,22,11:00,v3
11,22,12:00,v3
11,23,9:00,v3
11,23,10:00,v3
11,23,11:00,v3
11,23,12:00,v3
11,24,9:00,v3
11,24,10:00,v3
11,24,11:00,v3
11,24,12:00,v3
11,25,9:00,v3
11,25,10:00,v3
11,25,11:00,v3
11,25,12:00,v3
11,26,9:00,v3
11,26,10:00,v3
11,26,11:00,v3
11,26,12:00,v3
11,27,9:00,v3
11,27,10:00,v3
11,27,11:00,v3
11,27,12:00,v3
11,28,9:00,v3
11,28,10:00,v3
11,28,11:00,v3
11,28,12:00,v3
11,29,9:00,v3
11,29,10:00,v3
11,29,11:00,v3
11,29,12:00,v3
11,30,9:00,v3
11,30,10:00,v3
11,30,11:00,v3
11,30,12:00,v3
12,1,9:00,v3
12,1,10:00,v3
12,1,11:00,v3
12,1,12:00,v3
12,2,9:00,v3
12,2,10:00,v3
12,2,11:00,v3
12,2,12:00,v3
12,3,9:00,v3
12,3,10:00,v3
12,3,11:00,v3
12,3,12:00,v3
12,4,9:00,v3
12,4,10:00,v3
12,4,11:00,v3
12,4,12:00,v3
12,5,9:00,v3
12,5,10:00,v3
12,5,11:00,v3
12,5,12:00,v3
12,6,9:00,v3
12,6,10:00,v3
12,6,11:00,v3
12,6,12:00,v3
12,7,9:00,v3
12,7,10:00,v3
12,7,11:00,v3
12,7,12:00,v3
12,8,9:00,v3
12,8,10:00,v3
12,8,11:00,v3
12,8,12:00,v3
12,9,9:00,v3
12,9,10:00,v3
12,9,11:00,v3
12,9,12:00,v3
12,10,9:00,v3
12,10,10:00,v3
12,10,11:00,v3
12,10,12:00,v3
12,11,9:00,v3
12,11,10:00,v3
12,11,11:00,v3
12,11,12:00,v3
12,12,9:00,v3
12,12,10:00,v3
12,12,11:00,v3
12,12,12:00,v3
12,13,9:00,v3
12,13,10:00,v3
12,13,11:00,v3
12,13,12:00,v3
12,14,9:00,v3
12,14,10:00,v3
12,14,11:00,v3
12,14,12:00,v3
12,15,9:00,v3
12,15,10:00,v3
12,15,11:00,v3
12,15,12:00,v3
12,16,9:00,v3
12,16,10:00,v3
12,16,11:00,v3
12,16,12:00,v3
12,17,9:00,v3
12,17,10:00,v3
12,17,11:00,v3
12,17,12:00,v3
12,18,9:00,v3
12,18,10:00,v3
12,18,11:00,v3
12,18,12:00,v3
12,19,9:00,v3
12,19,10:00,v3
12,19,11:00,v3
12,19,12:00,v3
12,20,9:00,v3
12,20,10:00,v3
12,20,11:00,v3
12,20,12:00,v3
12,21,9:00,v3
12,21,10:00,v3
12,21,11:00,v3
12,21,12:00,v3
12,22,9:00,v3
12,22,10:00,v3
12,22,11:00,v3
12,22,12:00,v3
12,23,9:00,v3
12,23,10:00,v3
12,23,11:00,v3
12,23,12:00,v3
12,24,9:00,v3
12,24,10:00,v3
12,24,11:00,v3
12,24,12:00,v3
12,25,9:00,v3
12,25,10:00,v3
12,25,11:00,v3
12,25,12:00,v3
12,26,9:00,v3
12,26,10:00,v3
12,26,11:00,v3
12,26,12:00,v3
12,27,10:00,v3
12,27,11:00,v3
12,27,12:00,v3
12,28,10:00,v3
12,28,11:00,v3
12,28,12:00,v3
12,29,10:00,v3
12,29,11:00,v3
12,29,12:00,v3
12,30,10:00,v3
12,30,11:00,v3
12,30,12:00,v3
12,31,10:00,v3
12,31,11:00,v3
12,31,12:00,v3
1,1,9:00,v4
1,1,10:00,v4
1,1,11:00,v4
1,1,12:00,v4
1,2,9:00,v4
1,2,10:00,v4
1,2,11:00,v4
1,2,12:00,v4
1,3,9:00,v4
1,3,10:00,v4
1,3,11:00,v4
1,3,12:00,v4
1,4,9:00,v4
1,4,10:00,v4
1,4,11:00,v4
1,4,12:00,v4
1,5,9:00,v4
1,5,10:00,v4
1,5,11:00,v4
1,5,12:00,v4
1,6,9:00,v4
1,6,10:00,v4
1,6,11:00,v4
1,6,12:00,v4
1,7,9:00,v4
1,7,10:00,v4
1,7,11:00,v4
1,7,12:00,v4
1,8,9:00,v4
1,8,10:00,v4
1,8,11:00,v4
1,8,12:00,v4
1,9,9:00,v4
1,9,10:00,v4
1,9,11:00,v4
1,9,12:00,v4
1,10,9:00,v4
1,10,10:00,v4
1,10,11:00,v4
1,10,12:00,v4
1,11,9:00,v4
1,11,10:00,v4
1,11,11:00,v4
1,11,12:00,v4
1,12,9:00,v4
1,12,10:00,v4
1,12,11:00,v4
1,12,12:00,v4
1,13,9:00,v4
1,13,10:00,v4
1,13,11:00,v4
1,13,12:00,v4
1,14,9:00,v4
1,14,10:00,v4
1,14,11:00,v4
1,14,12:00,v4
1,15,9:00,v4
1,15,10:00,v4
1,15,11:00,v4
1,15,12:00,v4
1,16,9:00,v4
1,16,10:00,v4
1,16,11:00,v4
1,16,12:00,v4
1,17,9:00,v4
1,17,10:00,v4
1,17,11:00,v4
1,17,12:00,v4
1,18,9:00,v4
1,18,10:00,v4
1,18,11:00,v4
1,18,12:00,v4
1,19,9:00,v4
1,19,10:00,v4
1,19,11:00,v4
1,19,12:00,v4
1,20,9:00,v4
1,20,10:00,v4
1,20,11:00,v4
1,20,12:00,v4
1,21,9:00,v4
1,21,10:00,v4
1,21,11:00,v4
1,21,12:00,v4
1,22,9:00,v4
1,22,10:00,v4
1,22,11:00,v4
1,22,12:00,v4
1,23,9:00,v4
1,23,10:00,v4
1,23,11:00,v4
1,23,12:00,v4
1,24,9:00,v4
1,24,10:00,v4
1,24,11:00,v4
1,24,12:00,v4
1,25,9:00,v4
1,25,10:00,v4
1,25,11:00,v4
1,25,12:00,v4
1,26,9:00,v4
1,26,10:00,v4
1,26,11:00,v4
1,26,12:00,v4
1,27,9:00,v4
1,27,10:00,v4
1,27,11:00,v4
1,27,12:00,v4
1,28,9:00,v4
1,28,10:00,v4
1,28,11:00,v4
1,28,12:00,v4
1,29,9:00,v4
1,29,10:00,v4
1,29,11:00,v4
1,29,12:00,v4
1,30,9:00,v4
1,30,10:00,v4
1,30,11:00,v4
1,30,12:00,v4
1,31,9:00,v4
1,31,10:00,v4
1,31,11:00,v4
1,31,12:00,v4
2,1,9:00,v4
2,1,10:00,v4
2,1,11:00,v4
2,1,12:00,v4
2,2,9:00,v4
2,2,10:00,v4
2,2,11:00,v4
2,2,12:00,v4
2,3,9:00,v4
2,3,10:00,v4
2,3,11:00,v4
2,3,12:00,v4
2,4,9:00,v4
2,4,10:00,v4
2,4,11:00,v4
2,4,12:00,v4
2,5,9:00,v4
2,5,10:00,v4
2,5,11:00,v4
2,5,12:00,v4
2,6,9:00,v4
2,6,10:00,v4
2,6,11:00,v4
2,6,12:00,v4
2,7,9:00,v4
2,7,10:00,v4
2,7,11:00,v4
2,7,12:00,v4
2,8,9:00,v4
2,8,10:00,v4
2,8,11:00,v4
2,8,12:00,v4
2,9,9:00,v4
2,9,10:00,v4
2,9,11:00,v4
2,9,12:00,v4
2,10,9:00,v4
2,10,10:00,v4
2,10,11:00,v4
2,10,12:00,v4
2,11,9:00,v4
2,11,10:00,v4
2,11,11:00,v4
2,11,12:00,v4
2,12,9:00,v4
2,12,10:00,v4
2,12,11:00,v4
2,12,12:00,v4
2,13,9:00,v4
2,13,10:00,v4
2,13,11:00,v4
2,13,12:00,v4
2,14,9:00,v4
2,14,11:00,v4
2,14,12:00,v4
2,15,9:00,v4
2,15,11:00,v4
2,15,12:00,v4
2,16,9:00,v4
2,16,11:00,v4
2,16,12:00,v4
2,17,8:00,v4
2,17,9:00,v4
2,17,11:00,v4
2,17,12:00,v4
2,18,8:00,v4
2,18,9:00,v4
2,18,11:00,v4
2,18,12:00,v4
2,19,8:00,v4
2,19,9:00,v4
2,19,11:00,v4
2,19,12:00,v4
2,20,8:00,v4
2,20,9:00,v4
2,20,11:00,v4
2,20,12:00,v4
2,21,8:00,v4
2,21,9:00,v4
2,21,11:00,v4
2,21,12:00,v4
2,22,8:00,v4
2,22,9:00,v4
2,22,11:00,v4
2,22,12:00,v4
2,23,8:00,v4
2,23,9:00,v4
2,23,11:00,v4
2,23,12:00,v4
2,24,8:00,v4
2,24,9:00,v4
2,24,11:00,v4
2,24,12:00,v4
2,25,8:00,v4
2,25,9:00,v4
2,25,11:00,v4
2,25,12:00,v4
2,26,8:00,v4
2,26,9:00,v4
2,26,11:00,v4
2,26,12:00,v4
2,27,8:00,v4
2,27,9:00,v4
2,27,11:00,v4
2,27,12:00,v4
2,28,9:00,v4
2,28,11:00,v4
2,28,12:00,v4
3,1,9:00,v4
3,1,11:00,v4
3,1,12:00,v4
3,2,9:00,v4
3,2,11:00,v4
3,2,12:00,v4
3,3,9:00,v4
3,3,11:00,v4
3,3,12:00,v4
3,4,9:00,v4
3,4,11:00,v4
3,4,12:00,v4
3,5,9:00,v4
3,5,11:00,v4
3,5,12:00,v4
3,6,9:00,v4
3,6,11:00,v4
3,6,12:00,v4
3,7,9:00,v4
3,7,11:00,v4
3,7,12:00,v4
3,8,9:00,v4
3,8,11:00,v4
3,8,12:00,v4
3,9,9:00,v4
3,9,11:00,v4
3,9,12:00,v4
3,10,9:00,v4
3,10,11:00,v4
3,10,12:00,v4
3,11,9:00,v4
3,11,11:00,v4
3,11,12:00,v4
3,12,9:00,v4
3,12,11:00,v4
3,12,12:00,v4
3,13,9:00,v4
3,13,11:00,v4
3,13,12:00,v4
3,14,9:00,v4
3,14,11:00,v4
3,14,12:00,v4
3,15,9:00,v4
3,15,11:00,v4
3,15,12:00,v4
3,16,9:00,v4
3,16,11:00,v4
3,16,12:00,v4
3,17,9:00,v4
3,17,11:00,v4
3,17,12:00,v4
3,18,9:00,v4
3,18,11:00,v4
3,18,12:00,v4
3,19,9:00,v4
3,19,10:00,v4
3,19,11:00,v4
3,19,12:00,v4
3,20,9:00,v4
3,20,10:00,v4
3,20,11:00,v4
3,20,12:00,v4
3,21,9:00,v4
3,21,10:00,v4
3,21,11:00,v4
3,21,12:00,v4
3,22,9:00,v4
3,22,10:00,v4
3,22,11:00,v4
3,22,12:00,v4
3,23,9:00,v4
3,23,10:00,v4
3,23,11:00,v4
3,23,12:00,v4
3,24,9:00,v4
3,24,10:00,v4
3,24,11:00,v4
3,24,12:00,v4
3,25,9:00,v4
3,25,10:00,v4
3,25,11:00,v4
3,25,12:00,v4
3,26,10:00,v4
3,26,11:00,v4
3,26,12:00,v4
3,27,10:00,v4
3,27,11:00,v4
3,27,12:00,v4
3,28,10:00,v4
3,28,11:00,v4
3,28,12:00,v4
3,29,11:00,v4
3,29,12:00,v4
3,30,12:00,v4
9,12,12:00,v4
9,13,11:00,v4
9,13,12:00,v4
9,14,11:00,v4
9,14,12:00,v4
9,15,11:00,v4
9,15,12:00,v4
9,16,9:00,v4
9,16,11:00,v4
9,16,12:00,v4
9,17,9:00,v4
9,17,11:00,v4
9,17,12:00,v4
9,18,9:00,v4
9,18,11:00,v4
9,18,12:00,v4
9,19,9:00,v4
9,19,11:00,v4
9,19,12:00,v4
9,20,9:00,v4
9,20,11:00,v4
9,20,12:00,v4
9,21,9:00,v4
9,21,11:00,v4
9,21,12:00,v4
9,22,9:00,v4
9,22,11:00,v4
9,22,12:00,v4
9,23,9:00,v4
9,23,11:00,v4
9,23,12:00,v4
9,24,9:00,v4
9,24,11:00,v4
9,24,12:00,v4
9,25,9:00,v4
9,25,11:00,v4
9,25,12:00,v4
9,26,8:00,v4
9,26,9:00,v4
9,26,10:00,v4
9,26,11:00,v4
9,26,12:00,v4
9,27,8:00,v4
9,27,9:00,v4
9,27,10:00,v4
9,27,11:00,v4
9,27,12:00,v4
9,28,8:00,v4
9,28,9:00,v4
9,28,10:00,v4
9,28,11:00,v4
9,28,12:00,v4
9,29,8:00,v4
9,29,9:00,v4
9,29,10:00,v4
9,29,11:00,v4
9,29,12:00,v4
9,30,8:00,v4
9,30,9:00,v4
9,30,10:00,v4
9,30,11:00,v4
9,30,12:00,v4
10,1,8:00,v4
10,1,9:00,v4
10,1,10:00,v4
10,1,11:00,v4
10,1,12:00,v4
10,2,8:00,v4
10,2,9:00,v4
10,2,10:00,v4
10,2,11:00,v4
10,2,12:00,v4
10,3,9:00,v4
10,3,10:00,v4
10,3,11:00,v4
10,3,12:00,v4
10,4,9:00,v4
10,4,10:00,v4
10,4,11:00,v4
10,4,12:00,v4
10,5,9:00,v4
10,5,10:00,v4
10,5,11:00,v4
10,5,12:00,v4
10,6,9:00,v4
10,6,10:00,v4
10,6,11:00,v4
10,6,12:00,v4
10,7,9:00,v4
10,7,10:00,v4
10,7,11:00,v4
10,7,12:00,v4
10,8,9:00,v4
10,8,10:00,v4
10,8,11:00,v4
10,8,12:00,v4
10,9,9:00,v4
10,9,10:00,v4
10,9,11:00,v4
10,9,12:00,v4
10,10,9:00,v4
10,10,10:00,v4
10,10,11:00,v4
10,10,12:00,v4
10,11,9:00,v4
10,11,10:00,v4
10,11,11:00,v4
10,11,12:00,v4
10,12,9:00,v4
10,12,10:00,v4
10,12,11:00,v4
10,12,12:00,v4
10,13,9:00,v4
10,13,10:00,v4
10,13,11:00,v4
10,13,12:00,v4
10,14,9:00,v4
10,14,10:00,v4
10,14,11:00,v4
10,14,12:00,v4
10,15,9:00,v4
10,15,10:00,v4
10,15,11:00,v4
10,15,12:00,v4
10,16,9:00,v4
10,16,10:00,v4
10,16,11:00,v4
10,16,12:00,v4
10,17,9:00,v4
10,17,10:00,v4
10,17,11:00,v4
10,17,12:00,v4
10,18,9:00,v4
10,18,10:00,v4
10,18,11:00,v4
10,18,12:00,v4
10,19,9:00,v4
10,19,10:00,v4
10,19,11:00,v4
10,19,12:00,v4
10,20,9:00,v4
10,20,10:00,v4
10,20,11:00,v4
10,20,12:00,v4
10,21,9:00,v4
10,21,10:00,v4
10,21,11:00,v4
10,21,12:00,v4
10,22,9:00,v4
10,22,10:00,v4
10,22,11:00,v4
10,22,12:00,v4
10,23,9:00,v4
10,23,10:00,v4
10,23,11:00,v4
10,23,12:00,v4
10,24,8:00,v4
10,24,9:00,v4
10,24,10:00,v4
10,24,11:00,v4
10,24,12:00,v4
10,25,8:00,v4
10,25,9:00,v4
10,25,10:00,v4
10,25,11:00,v4
10,25,12:00,v4
10,26,8:00,v4
10,26,9:00,v4
10,26,10:00,v4
10,26,11:00,v4
10,26,12:00,v4
10,27,8:00,v4
10,27,9:00,v4
10,27,10:00,v4
10,27,11:00,v4
10,27,12:00,v4
10,28,8:00,v4
10,28,9:00,v4
10,28,10:00,v4
10,28,11:00,v4
10,28,12:00,v4
10,29,8:00,v4
10,29,9:00,v4
10,29,10:00,v4
10,29,11:00,v4
10,29,12:00,v4
10,30,8:00,v4
10,30,9:00,v4
10,30,10:00,v4
10,30,11:00,v4
10,30,12:00,v4
10,31,8:00,v4
10,31,9:00,v4
10,31,10:00,v4
10,31,11:00,v4
10,31,12:00,v4
11,1,8:00,v4
11,1,9:00,v4
11,1,10:00,v4
11,1,11:00,v4
11,1,12:00,v4
11,2,8:00,v4
11,2,9:00,v4
11,2,10:00,v4
11,2,11:00,v4
11,2,12:00,v4
11,3,8:00,v4
11,3,9:00,v4
11,3,10:00,v4
11,3,11:00,v4
11,3,12:00,v4
11,4,8:00,v4
11,4,9:00,v4
11,4,10:00,v4
11,4,11:00,v4
11,4,12:00,v4
11,5,8:00,v4
11,5,9:00,v4
11,5,10:00,v4
11,5,11:00,v4
11,5,12:00,v4
11,6,8:00,v4
11,6,9:00,v4
11,6,10:00,v4
11,6,11:00,v4
11,6,12:00,v4
11,7,8:00,v4
11,7,9:00,v4
11,7,10:00,v4
11,7,11:00,v4
11,7,12:00,v4
11,8,8:00,v4
11,8,9:00,v4
11,8,10:00,v4
11,8,11:00,v4
11,8,12:00,v4
11,9,8:00,v4
11,9,9:00,v4
11,9,10:00,v4
11,9,11:00,v4
11,9,12:00,v4
11,10,8:00,v4
11,10,10:00,v4
11,10,11:00,v4
11,10,12:00,v4
11,11,8:00,v4
11,11,10:00,v4
11,11,11:00,v4
11,11,12:00,v4
11,12,8:00,v4
11,12,10:00,v4
11,12,11:00,v4
11,12,12:00,v4
11,13,8:00,v4
11,13,10:00,v4
11,13,11:00,v4
11,13,12:00,v4
11,14,8:00,v4
11,14,10:00,v4
11,14,11:00,v4
11,14,12:00,v4
11,15,8:00,v4
11,15,10:00,v4
11,15,11:00,v4
11,15,12:00,v4
11,16,8:00,v4
11,16,10:00,v4
11,16,11:00,v4
11,16,12:00,v4
11,17,8:00,v4
11,17,10:00,v4
11,17,11:00,v4
11,17,12:00,v4
11,18,8:00,v4
11,18,10:00,v4
11,18,11:00,v4
11,18,12:00,v4
11,19,8:00,v4
11,19,10:00,v4
11,19,11:00,v4
11,19,12:00,v4
11,20,8:00,v4
11,20,10:00,v4
11,20,11:00,v4
11,20,12:00,v4
11,21,8:00,v4
11,21,10:00,v4
11,21,11:00,v4
11,21,12:00,v4
11,22,8:00,v4
11,22,10:00,v4
11,22,11:00,v4
11,22,12:00,v4
11,23,8:00,v4
11,23,10:00,v4
11,23,11:00,v4
11,23,12:00,v4
11,24,8:00,v4
11,24,10:00,v4
11,24,11:00,v4
11,24,12:00,v4
11,25,8:00,v4
11,25,10:00,v4
11,25,11:00,v4
11,25,12:00,v4
11,26,10:00,v4
11,26,11:00,v4
11,26,12:00,v4
11,27,10:00,v4
11,27,11:00,v4
11,27,12:00,v4
11,28,10:00,v4
11,28,11:00,v4
11,28,12:00,v4
11,29,10:00,v4
11,29,11:00,v4
11,29,12:00,v4
11,30,10:00,v4
11,30,11:00,v4
11,30,12:00,v4
12,1,10:00,v4
12,1,11:00,v4
12,1,12:00,v4
12,2,10:00,v4
12,2,11:00,v4
12,2,12:00,v4
12,3,10:00,v4
12,3,11:00,v4
12,3,12:00,v4
12,4,10:00,v4
12,4,11:00,v4
12,4,12:00,v4
12,5,10:00,v4
12,5,11:00,v4
12,5,12:00,v4
12,6,10:00,v4
12,6,11:00,v4
12,6,12:00,v4
12,7,10:00,v4
12,7,11:00,v4
12,7,12:00,v4
12,8,10:00,v4
12,8,11:00,v4
12,8,12:00,v4
12,9,10:00,v4
12,9,11:00,v4
12,9,12:00,v4
12,10,10:00,v4
12,10,11:00,v4
12,10,12:00,v4
12,11,10:00,v4
12,11,11:00,v4
12,11,12:00,v4
12,12,10:00,v4
12,12,11:00,v4
12,12,12:00,v4
12,13,10:00,v4
12,13,11:00,v4
12,13,12:00,v4
12,14,10:00,v4
12,14,11:00,v4
12,14,12:00,v4
12,15,10:00,v4
12,15,11:00,v4
12,15,12:00,v4
12,16,10:00,v4
12,16,11:00,v4
12,16,12:00,v4
12,17,10:00,v4
12,17,11:00,v4
12,17,12:00,v4
12,18,10:00,v4
12,18,11:00,v4
12,18,12:00,v4
12,19,10:00,v4
12,19,11:00,v4
12,19,12:00,v4
12,20,10:00,v4
12,20,11:00,v4
12,20,12:00,v4
12,21,10:00,v4
12,21,11:00,v4
12,21,12:00,v4
12,22,10:00,v4
12,22,11:00,v4
12,22,12:00,v4
12,23,10:00,v4
12,23,11:00,v4
12,23,12:00,v4
12,24,9:00,v4
12,24,10:00,v4
12,24,11:00,v4
12,24,12:00,v4
12,25,9:00,v4
12,25,10:00,v4
12,25,11:00,v4
12,25,12:00,v4
12,26,9:00,v4
12,26,10:00,v4
12,26,11:00,v4
12,26,12:00,v4
12,27,9:00,v4
12,27,10:00,v4
12,27,11:00,v4
12,27,12:00,v4
12,28,9:00,v4
12,28,10:00,v4
12,28,11:00,v4
12,28,12:00,v4
12,29,9:00,v4
12,29,10:00,v4
12,29,11:00,v4
12,29,12:00,v4
12,30,9:00,v4
12,30,10:00,v4
12,30,11:00,v4
12,30,12:00,v4
12,31,9:00,v4
12,31,10:00,v4
12,31,11:00,v4
12,31,12:00,v4